date,instrument,group,point_id,display_name,longitude_WGS84,latitude_WGS84,elevation_m,original_label
2026-04-11,ERT,ERT electrodes,01,0411-E01,-91.5844850000,41.6649570000,211.160,ERT 01
2026-04-11,ERT,ERT electrodes,02,0411-E02,-91.5844927492,41.6649740482,212.175,ERT 02
2026-04-11,ERT,ERT electrodes,03,0411-E03,-91.5845024873,41.6649904805,211.317,ERT 03
2026-04-11,ERT,ERT electrodes,04,0411-E04,-91.5845106457,41.6650071655,210.509,ERT 04
2026-04-11,ERT,ERT electrodes,05,0411-E05,-91.5845128873,41.6650250982,211.719,ERT 05
2026-04-11,ERT,ERT electrodes,06,0411-E06,-91.5845156546,41.6650429893,211.408,ERT 06
2026-04-11,ERT,ERT electrodes,07,0411-E07,-91.5845184665,41.6650608767,211.129,ERT 07
2026-04-11,ERT,ERT electrodes,08,0411-E08,-91.5845213659,41.6650787563,211.433,ERT 08
2026-04-11,ERT,ERT electrodes,09,0411-E09,-91.5845242931,41.6650966333,211.686,ERT 09
2026-04-11,ERT,ERT electrodes,10,0411-E10,-91.5845274971,41.6651144836,211.425,ERT 10
2026-04-11,ERT,ERT electrodes,11,0411-E11,-91.5845307010,41.6651323340,211.164,ERT 11
2026-04-11,ERT,ERT electrodes,12,0411-E12,-91.5845347534,41.6651500859,211.676,ERT 12
2026-04-11,ERT,ERT electrodes,13,0411-E13,-91.5845394360,41.6651677337,212.030,ERT 13
2026-04-11,ERT,ERT electrodes,14,0411-E14,-91.5845460922,41.6651850396,211.520,ERT 14
2026-04-11,ERT,ERT electrodes,15,0411-E15,-91.5845527483,41.6652023455,211.009,ERT 15
2026-04-11,ERT,ERT electrodes,16,0411-E16,-91.5845558004,41.6652202025,211.142,ERT 16
2026-04-11,ERT,ERT electrodes,17,0411-E17,-91.5845587109,41.6652380811,211.300,ERT 17
2026-04-11,ERT,ERT electrodes,18,0411-E18,-91.5845630528,41.6652557690,211.568,ERT 18
2026-04-11,ERT,ERT electrodes,19,0411-E19,-91.5845685329,41.6652733052,211.925,ERT 19
2026-04-11,ERT,ERT electrodes,20,0411-E20,-91.5845721813,41.6652910876,211.980,ERT 20
2026-04-11,ERT,ERT electrodes,21,0411-E21,-91.5845751600,41.6653089598,211.925,ERT 21
2026-04-11,ERT,ERT electrodes,22,0411-E22,-91.5845796970,41.6653266313,211.987,ERT 22
2026-04-11,ERT,ERT electrodes,23,0411-E23,-91.5845848460,41.6653442239,212.094,ERT 23
2026-04-11,ERT,ERT electrodes,24,0411-E24,-91.5845908214,41.6653616503,212.152,ERT 24
2026-04-11,ERT,ERT electrodes,25,0411-E25,-91.5845981029,41.6653788141,212.131,ERT 25
2026-04-11,ERT,ERT electrodes,26,0411-E26,-91.5846044503,41.6653961677,212.169,ERT 26
2026-04-11,ERT,ERT electrodes,27,0411-E27,-91.5846097220,41.6654137398,212.274,ERT 27
2026-04-11,ERT,ERT electrodes,28,0411-E28,-91.5846149108,41.6654313254,212.304,ERT 28
2026-04-11,ERT,ERT electrodes,29,0411-E29,-91.5846197430,41.6654489684,212.347,ERT 29
2026-04-11,ERT,ERT electrodes,30,0411-E30,-91.5846245752,41.6654666115,212.389,ERT 30
2026-04-11,ERT,ERT electrodes,31,0411-E31,-91.5846294074,41.6654842546,212.431,ERT 31
2026-04-11,ERT,ERT electrodes,32,0411-E32,-91.5846342396,41.6655018976,212.474,ERT 32
2026-04-11,ERT,ERT electrodes,33,0411-E33,-91.5846390719,41.6655195407,212.516,ERT 33
2026-04-11,ERT,ERT electrodes,34,0411-E34,-91.5846439041,41.6655371838,212.558,ERT 34
2026-04-11,ERT,ERT electrodes,35,0411-E35,-91.5846487363,41.6655548268,212.600,ERT 35
2026-04-11,ERT,ERT electrodes,36,0411-E36,-91.5846535686,41.6655724699,212.643,ERT 36
2026-04-11,ERT,ERT electrodes,37,0411-E37,-91.5846584008,41.6655901130,212.685,ERT 37
2026-04-11,ERT,ERT electrodes,38,0411-E38,-91.5846632330,41.6656077560,212.727,ERT 38
2026-04-11,ERT,ERT electrodes,39,0411-E39,-91.5846680653,41.6656253991,212.770,ERT 39
2026-04-11,ERT,ERT electrodes,40,0411-E40,-91.5846728975,41.6656430421,212.812,ERT 40
2026-04-11,ERT,ERT electrodes,41,0411-E41,-91.5846777297,41.6656606852,212.854,ERT 41
2026-04-11,ERT,ERT electrodes,42,0411-E42,-91.5846825620,41.6656783283,212.897,ERT 42
2026-04-11,ERT,ERT electrodes,43,0411-E43,-91.5846873942,41.6656959713,212.939,ERT 43
2026-04-11,ERT,ERT electrodes,44,0411-E44,-91.5846922265,41.6657136144,212.981,ERT 44
2026-04-11,ERT,ERT electrodes,45,0411-E45,-91.5846970587,41.6657312574,213.024,ERT 45
2026-04-11,ERT,ERT electrodes,46,0411-E46,-91.5847018910,41.6657489005,213.066,ERT 46
2026-04-11,ERT,ERT electrodes,47,0411-E47,-91.5847067233,41.6657665436,213.108,ERT 47
2026-04-11,ERT,ERT electrodes,48,0411-E48,-91.5847115555,41.6657841866,213.151,ERT 48
2026-04-11,Seismic GPS,Seismic GPS,01,0411-S01,-91.5844850000,41.6649570000,211.160,Ch52
2026-04-11,Seismic GPS,Seismic GPS,02,0411-S02,-91.5844950000,41.6649790000,212.470,Ch11
2026-04-11,Seismic GPS,Seismic GPS,03,0411-S03,-91.5845100000,41.6650020000,210.160,0011
2026-04-11,Seismic GPS,Seismic GPS,04,0411-S04,-91.5845130000,41.6650260000,211.780,0012
2026-04-11,Seismic GPS,Seismic GPS,05,0411-S05,-91.5845180000,41.6650580000,211.080,0013
2026-04-11,Seismic GPS,Seismic GPS,06,0411-S06,-91.5845240000,41.6650950000,211.710,0014
2026-04-11,Seismic GPS,Seismic GPS,07,0411-S07,-91.5845310000,41.6651340000,211.140,0015
2026-04-11,Seismic GPS,Seismic GPS,08,0411-S08,-91.5845380000,41.6651640000,212.140,0016
2026-04-11,Seismic GPS,Seismic GPS,09,0411-S09,-91.5845530000,41.6652030000,210.990,0017
2026-04-11,Seismic GPS,Seismic GPS,10,0411-S10,-91.5845600000,41.6652460000,211.370,0018
2026-04-11,Seismic GPS,Seismic GPS,11,0411-S11,-91.5845700000,41.6652780000,212.020,0019
2026-04-11,Seismic GPS,Seismic GPS,12,0411-S12,-91.5845760000,41.6653140000,211.910,0020
2026-04-11,Seismic GPS,Seismic GPS,13,0411-S13,-91.5845880000,41.6653550000,212.160,0021
2026-04-11,Seismic GPS,Seismic GPS,14,0411-S14,-91.5846020000,41.6653880000,212.120,0022
2026-04-11,Seismic GPS,Seismic GPS,15,0411-S15,-91.5846140000,41.6654280000,212.360,0023
2026-05-02,ERT,ERT electrodes,01,0502-E01,-91.5858996526,41.6652008298,212.250,ERT_000
2026-05-02,ERT,ERT electrodes,02,0502-E02,-91.5858957968,41.6652140045,212.295,ERT_001
2026-05-02,ERT,ERT electrodes,03,0502-E03,-91.5858919409,41.6652271881,212.339,ERT_002
2026-05-02,ERT,ERT electrodes,04,0502-E04,-91.5858880733,41.6652403536,212.384,ERT_003
2026-05-02,ERT,ERT electrodes,05,0502-E05,-91.5858842053,41.6652535371,212.429,ERT_004
2026-05-02,ERT,ERT electrodes,06,0502-E06,-91.5858803496,41.6652667117,212.474,ERT_005
2026-05-02,ERT,ERT electrodes,07,0502-E07,-91.5858764936,41.6652798954,212.518,ERT_006
2026-05-02,ERT,ERT electrodes,08,0502-E08,-91.5858726258,41.6652930699,212.563,ERT_007
2026-05-02,ERT,ERT electrodes,09,0502-E09,-91.5858687580,41.6653062444,212.608,ERT_008
2026-05-02,ERT,ERT electrodes,10,0502-E10,-91.5858649020,41.6653194280,212.652,ERT_009
2026-05-02,ERT,ERT electrodes,11,0502-E11,-91.5858610343,41.6653326025,212.697,ERT_010
2026-05-02,ERT,ERT electrodes,12,0502-E12,-91.5858571785,41.6653457772,212.742,ERT_011
2026-05-02,ERT,ERT electrodes,13,0502-E13,-91.5858533227,41.6653589518,212.786,ERT_012
2026-05-02,ERT,ERT electrodes,14,0502-E14,-91.5858494427,41.6653721352,212.831,ERT_013
2026-05-02,ERT,ERT electrodes,15,0502-E15,-91.5858455867,41.6653853188,212.876,ERT_014
2026-05-02,ERT,ERT electrodes,16,0502-E16,-91.5858417309,41.6653984934,212.921,ERT_015
2026-05-02,ERT,ERT electrodes,17,0502-E17,-91.5858378631,41.6654116679,212.965,ERT_016
2026-05-02,ERT,ERT electrodes,18,0502-E18,-91.5858340074,41.6654248426,213.010,ERT_017
2026-05-02,ERT,ERT electrodes,19,0502-E19,-91.5858301394,41.6654380261,213.055,ERT_018
2026-05-02,ERT,ERT electrodes,20,0502-E20,-91.5858262834,41.6654512097,213.099,ERT_019
2026-05-02,ERT,ERT electrodes,21,0502-E21,-91.5858224158,41.6654643752,213.144,ERT_020
2026-05-02,ERT,ERT electrodes,22,0502-E22,-91.5858185598,41.6654775588,213.189,ERT_021
2026-05-02,ERT,ERT electrodes,23,0502-E23,-91.5858146920,41.6654907333,213.234,ERT_022
2026-05-02,ERT,ERT electrodes,24,0502-E24,-91.5858108240,41.6655039168,213.278,ERT_023
2026-05-02,ERT,ERT electrodes,25,0502-E25,-91.5858069684,41.6655170825,213.323,ERT_024
2026-05-02,ERT,ERT electrodes,26,0502-E26,-91.5858031124,41.6655302661,213.368,ERT_025
2026-05-02,ERT,ERT electrodes,27,0502-E27,-91.5857992443,41.6655434496,213.412,ERT_026
2026-05-02,ERT,ERT electrodes,28,0502-E28,-91.5857953885,41.6655566243,213.457,ERT_027
2026-05-02,ERT,ERT electrodes,29,0502-E29,-91.5857915205,41.6655698077,213.502,ERT_028
2026-05-02,ERT,ERT electrodes,30,0502-E30,-91.5857876529,41.6655829732,213.546,ERT_029
2026-05-02,ERT,ERT electrodes,31,0502-E31,-91.5857837969,41.6655961569,213.591,ERT_030
2026-05-02,ERT,ERT electrodes,32,0502-E32,-91.5857799411,41.6656093315,213.636,ERT_031
2026-05-02,ERT,ERT electrodes,33,0502-E33,-91.5857760731,41.6656225150,213.681,ERT_032
2026-05-02,ERT,ERT electrodes,34,0502-E34,-91.5857722052,41.6656356895,213.725,ERT_033
2026-05-02,ERT,ERT electrodes,35,0502-E35,-91.5857683494,41.6656488641,213.770,ERT_034
2026-05-02,ERT,ERT electrodes,36,0502-E36,-91.5857644934,41.6656620478,213.815,ERT_035
2026-05-02,ERT,ERT electrodes,37,0502-E37,-91.5857606256,41.6656752223,213.859,ERT_036
2026-05-02,ERT,ERT electrodes,38,0502-E38,-91.5857567698,41.6656883969,213.904,ERT_037
2026-05-02,ERT,ERT electrodes,39,0502-E39,-91.5857529019,41.6657015714,213.949,ERT_038
2026-05-02,ERT,ERT electrodes,40,0502-E40,-91.5857490339,41.6657147549,213.994,ERT_039
2026-05-02,ERT,ERT electrodes,41,0502-E41,-91.5857451779,41.6657279385,214.038,ERT_040
2026-05-02,ERT,ERT electrodes,42,0502-E42,-91.5857413220,41.6657411132,214.083,ERT_041
2026-05-02,ERT,ERT electrodes,43,0502-E43,-91.5857374422,41.6657542875,214.128,ERT_042
2026-05-02,ERT,ERT electrodes,44,0502-E44,-91.5857335864,41.6657674621,214.172,ERT_043
2026-05-02,ERT,ERT electrodes,45,0502-E45,-91.5857297303,41.6657806458,214.217,ERT_044
2026-05-02,ERT,ERT electrodes,46,0502-E46,-91.5857258623,41.6657938293,214.262,ERT_045
2026-05-02,ERT,ERT electrodes,47,0502-E47,-91.5857220066,41.6658069949,214.306,ERT_046
2026-05-02,ERT,ERT electrodes,48,0502-E48,-91.5857181386,41.6658201784,214.351,ERT_047
2026-05-02,Seismic,Seismic line 1000,01,0502-S1000-01,-91.5858746593,41.6651458236,204.113,1000_1
2026-05-02,Seismic,Seismic line 1000,02,0502-S1000-02,-91.5858702479,41.6651635308,204.133,1000_2
2026-05-02,Seismic,Seismic line 1000,03,0502-S1000-03,-91.5858658364,41.6651812381,204.217,1000_3
2026-05-02,Seismic,Seismic line 1000,04,0502-S1000-04,-91.5858614252,41.6651989364,204.257,1000_4
2026-05-02,Seismic,Seismic line 1000,05,0502-S1000-05,-91.5858570138,41.6652166436,204.317,1000_5
2026-05-02,Seismic,Seismic line 1000,06,0502-S1000-06,-91.5858526024,41.6652343509,204.297,1000_6
2026-05-02,Seismic,Seismic line 1000,07,0502-S1000-07,-91.5858482030,41.6652520583,204.301,1000_7
2026-05-02,Seismic,Seismic line 1000,08,0502-S1000-08,-91.5858437918,41.6652697566,204.341,1000_8
2026-05-02,Seismic,Seismic line 1000,09,0502-S1000-09,-91.5858393804,41.6652874639,204.401,1000_9
2026-05-02,Seismic,Seismic line 1000,10,0502-S1000-10,-91.5858349689,41.6653051711,204.481,1000_10
2026-05-02,Seismic,Seismic line 1000,11,0502-S1000-11,-91.5858305575,41.6653228784,204.530,1000_11
2026-05-02,Seismic,Seismic line 1000,12,0502-S1000-12,-91.5858261463,41.6653405767,204.570,1000_12
2026-05-02,Seismic,Seismic line 1000,13,0502-S1000-13,-91.5858217348,41.6653582839,204.610,1000_13
2026-05-02,Seismic,Seismic line 1000,14,0502-S1000-14,-91.5858173234,41.6653759912,204.630,1000_14
2026-05-02,Seismic,Seismic line 1000,15,0502-S1000-15,-91.5858129120,41.6653936984,204.678,1000_15
2026-05-02,Seismic,Seismic line 1000,16,0502-S1000-16,-91.5858085007,41.6654113967,204.698,1000_16
2026-05-02,Seismic,Seismic line 1000,17,0502-S1000-17,-91.5858040893,41.6654291040,204.738,1000_17
2026-05-02,Seismic,Seismic line 1000,18,0502-S1000-18,-91.5857996899,41.6654468114,204.818,1000_18
2026-05-02,Seismic,Seismic line 1000,19,0502-S1000-19,-91.5857952784,41.6654645187,204.856,1000_19
2026-05-02,Seismic,Seismic line 1000,20,0502-S1000-20,-91.5857908672,41.6654822169,204.856,1000_20
2026-05-02,Seismic,Seismic line 1000,21,0502-S1000-21,-91.5857864557,41.6654999242,204.896,1000_21
2026-05-02,Seismic,Seismic line 1000,22,0502-S1000-22,-91.5857820443,41.6655176314,204.896,1000_22
2026-05-02,Seismic,Seismic line 1000,23,0502-S1000-23,-91.5857776328,41.6655353387,204.914,1000_23
2026-05-02,Seismic,Seismic line 1000,24,0502-S1000-24,-91.5857732215,41.6655530370,204.974,1000_24
2026-05-02,Seismic,Seismic line 1000,25,0502-S1000-25,-91.5857688101,41.6655707442,204.954,1000_25
2026-05-02,Seismic,Seismic line 1000,26,0502-S1000-26,-91.5857643986,41.6655884515,204.994,1000_26
2026-05-02,Seismic,Seismic line 1000,27,0502-S1000-27,-91.5857599871,41.6656061587,205.049,1000_27
2026-05-02,Seismic,Seismic line 1000,28,0502-S1000-28,-91.5857555757,41.6656238660,205.149,1000_28
2026-05-02,Seismic,Seismic line 2000,01,0502-S2000-01,-91.5858276564,41.6653868275,212.646,2000_1
2026-05-02,Seismic,Seismic line 2000,02,0502-S2000-02,-91.5858510496,41.6653909162,212.114,2000_2
2026-05-02,Seismic,Seismic line 2000,03,0502-S2000-03,-91.5858744430,41.6653949960,212.024,2000_3
2026-05-02,Seismic,Seismic line 2000,04,0502-S2000-04,-91.5858978361,41.6653990847,212.752,2000_4
2026-05-02,Seismic,Seismic line 2000,05,0502-S2000-05,-91.5859212293,41.6654031734,213.440,2000_5
2026-05-02,Seismic,Seismic line 2000,06,0502-S2000-06,-91.5859446225,41.6654072621,213.895,2000_6
2026-05-02,Seismic,Seismic line 2000,07,0502-S2000-07,-91.5859680159,41.6654113418,213.607,2000_7
2026-05-02,Seismic,Seismic line 2000,08,0502-S2000-08,-91.5859914091,41.6654154306,213.320,2000_8
2026-05-02,Seismic,Seismic line 2000,09,0502-S2000-09,-91.5860148023,41.6654195193,213.248,2000_9
2026-05-02,Seismic,Seismic line 2000,10,0502-S2000-10,-91.5860381954,41.6654236080,213.195,2000_10
2026-05-02,Seismic,Seismic line 2000,11,0502-S2000-11,-91.5860615888,41.6654276877,213.168,2000_11
2026-05-02,Seismic,Seismic line 2000,12,0502-S2000-12,-91.5860849820,41.6654317764,213.141,2000_12
2026-05-02,Seismic,Seismic line 2000,13,0502-S2000-13,-91.5861083752,41.6654358650,212.824,2000_13
2026-05-02,Seismic,Seismic line 2000,14,0502-S2000-14,-91.5861317684,41.6654399537,212.496,2000_14
2026-05-02,Seismic,Seismic line 2000,15,0502-S2000-15,-91.5861551618,41.6654440334,212.838,2000_15
2026-05-02,Seismic,Seismic line 2000,16,0502-S2000-16,-91.5861785551,41.6654481221,213.264,2000_16
2026-05-02,Seismic,Seismic line 2000,17,0502-S2000-17,-91.5862019483,41.6654522107,213.356,2000_17
2026-05-02,Seismic,Seismic line 2000,18,0502-S2000-18,-91.5862253415,41.6654562994,213.427,2000_18
2026-05-02,Seismic,Seismic line 2000,19,0502-S2000-19,-91.5862487469,41.6654603792,213.478,2000_19
2026-05-02,Seismic,Seismic line 2000,20,0502-S2000-20,-91.5862721401,41.6654644679,212.845,2000_20
2026-05-02,Seismic,Seismic line 2000,21,0502-S2000-21,-91.5862955334,41.6654685565,212.263,2000_21
2026-05-02,Seismic,Seismic line 2000,22,0502-S2000-22,-91.5863189268,41.6654726361,212.263,2000_22
2026-05-02,Seismic,Seismic line 2000,23,0502-S2000-23,-91.5863423200,41.6654767248,212.263,2000_23
2026-05-02,Seismic,Seismic line 2000,24,0502-S2000-24,-91.5863657133,41.6654808134,212.263,2000_24
2026-05-02,Seismic,Seismic line 2000,25,0502-S2000-25,-91.5863891065,41.6654849020,212.263,2000_25
2026-05-02,Seismic,Seismic line 2000,26,0502-S2000-26,-91.5864124999,41.6654889817,212.263,2000_26
2026-05-02,Seismic,Seismic line 2000,27,0502-S2000-27,-91.5864358932,41.6654930703,212.263,2000_27
2026-05-02,Seismic,Seismic line 2000,28,0502-S2000-28,-91.5864592864,41.6654971589,212.263,2000_28
2026-05-02,EM,EM line 1,L1-01,0502-EM1-01,-91.5868576543,41.6654668229,216.300,line 1_1
2026-05-02,EM,EM line 1,L1-02,0502-EM1-02,-91.5868626558,41.6655248256,216.270,line 1_2
2026-05-02,EM,EM line 1,L1-03,0502-EM1-03,-91.5868696561,41.6655738190,214.730,line 1_3
2026-05-02,EM,EM line 1,L1-04,0502-EM1-04,-91.5868806543,41.6656108193,215.950,line 1_4
2026-05-02,EM,EM line 1,L1-05,0502-EM1-05,-91.5868916542,41.6656598258,216.920,line 1_5
2026-05-02,EM,EM line 1,L1-06,0502-EM1-06,-91.5868926541,41.6657058272,217.540,line 1_6
2026-05-02,EM,EM line 1,L1-07,0502-EM1-07,-91.5869036636,41.6657368201,217.610,line 1_7
2026-05-02,EM,EM line 1,L1-08,0502-EM1-08,-91.5869076565,41.6657838220,217.400,line 1_8
2026-05-02,EM,EM line 1,L1-09,0502-EM1-09,-91.5869256632,41.6658178192,217.690,line 1_9
2026-05-02,EM,EM line 1,L1-10,0502-EM1-10,-91.5869326569,41.6658638222,217.750,line 1_10
2026-05-02,EM,EM line 1,L1-11,0502-EM1-11,-91.5869356594,41.6659138202,217.770,line 1_11
2026-05-02,EM,EM line 1,L1-12,0502-EM1-12,-91.5869476654,41.6659558227,217.820,line 1_12
2026-05-02,EM,EM line 1,L1-13,0502-EM1-13,-91.5869636599,41.6660148252,219.030,line 1_13
2026-05-02,EM,EM line 1,L1-14,0502-EM1-14,-91.5869696558,41.6660548264,219.410,line 1_14
2026-05-02,EM,EM line 1,L1-15,0502-EM1-15,-91.5869726646,41.6660798214,219.410,line 1_15
2026-05-02,EM,EM line 2,L2-01,0502-EM2-01,-91.5870296598,41.6660908260,218.690,line 2_1
2026-05-02,EM,EM line 2,L2-02,0502-EM2-02,-91.5870246584,41.6660608257,218.180,line 2_2
2026-05-02,EM,EM line 2,L2-03,0502-EM2-03,-91.5870036599,41.6660208202,218.520,line 2_3
2026-05-02,EM,EM line 2,L2-04,0502-EM2-04,-91.5869956614,41.6659768224,218.110,line 2_4
2026-05-02,EM,EM line 2,L2-05,0502-EM2-05,-91.5869946542,41.6659498254,217.910,line 2_5
2026-05-02,EM,EM line 2,L2-06,0502-EM2-06,-91.5869856600,41.6659008255,217.550,line 2_6
2026-05-02,EM,EM line 2,L2-07,0502-EM2-07,-91.5869756578,41.6658578209,217.150,line 2_7
2026-05-02,EM,EM line 2,L2-08,0502-EM2-08,-91.5869786601,41.6658018260,216.780,line 2_8
2026-05-02,EM,EM line 2,L2-09,0502-EM2-09,-91.5869716630,41.6657598220,213.670,line 2_9
2026-05-02,EM,EM line 2,L2-10,0502-EM2-10,-91.5869636602,41.6657138246,216.170,line 2_10
2026-05-02,EM,EM line 2,L2-11,0502-EM2-11,-91.5869506595,41.6656728187,215.520,line 2_11
2026-05-02,EM,EM line 2,L2-12,0502-EM2-12,-91.5869426632,41.6656298206,215.700,line 2_12
2026-05-02,EM,EM line 2,L2-13,0502-EM2-13,-91.5869396647,41.6655928196,214.620,line 2_13
2026-05-02,EM,EM line 2,L2-14,0502-EM2-14,-91.5869226600,41.6655388215,214.270,line 2_14
2026-05-02,EM,EM line 2,L2-15,0502-EM2-15,-91.5869146582,41.6654988226,214.710,line 2_15
2026-05-02,EM,EM line 2,L2-16,0502-EM2-16,-91.5869126554,41.6654668236,214.740,line 2_16
2026-05-02,EM,EM line 3,L3-01,0502-EM3-01,-91.5869836603,41.6654688225,215.230,line 3_1
2026-05-02,EM,EM line 3,L3-02,0502-EM3-02,-91.5869966538,41.6655008215,215.730,line 3_2
2026-05-02,EM,EM line 3,L3-03,0502-EM3-03,-91.5869916602,41.6655358239,217.280,line 3_3
2026-05-02,EM,EM line 3,L3-04,0502-EM3-04,-91.5869986614,41.6655518251,218.160,line 3_4
2026-05-02,EM,EM line 3,L3-05,0502-EM3-05,-91.5870166638,41.6655838226,218.120,line 3_5
2026-05-02,EM,EM line 3,L3-06,0502-EM3-06,-91.5870236551,41.6656398232,217.820,line 3_6
2026-05-02,EM,EM line 3,L3-07,0502-EM3-07,-91.5870316654,41.6656948186,218.520,line 3_7
2026-05-02,EM,EM line 3,L3-08,0502-EM3-08,-91.5870276579,41.6657248253,218.570,line 3_8
2026-05-02,EM,EM line 3,L3-09,0502-EM3-09,-91.5870336538,41.6657648264,218.580,line 3_9
2026-05-02,EM,EM line 3,L3-10,0502-EM3-10,-91.5870346562,41.6658118186,218.720,line 3_10
2026-05-02,EM,EM line 3,L3-11,0502-EM3-11,-91.5870416591,41.6658398260,218.540,line 3_11
2026-05-02,EM,EM line 3,L3-12,0502-EM3-12,-91.5870416656,41.6658818251,219.490,line 3_12
2026-05-02,EM,EM line 3,L3-13,0502-EM3-13,-91.5870586553,41.6659288246,220.000,line 3_13
2026-05-02,EM,EM line 3,L3-14,0502-EM3-14,-91.5870646587,41.6659778238,219.630,line 3_14
2026-05-02,EM,EM line 3,L3-15,0502-EM3-15,-91.5870736650,41.6660268238,219.590,line 3_15
2026-05-02,EM,EM line 3,L3-16,0502-EM3-16,-91.5870846545,41.6660708223,219.590,line 3_16
2026-05-02,EM,EM line 4,L4-01,0502-EM4-01,-91.5871526630,41.6661368231,207.560,line 4_1
2026-05-02,EM,EM line 4,L4-02,0502-EM4-02,-91.5871616560,41.6660738225,0.000,line 4_2
2026-05-02,EM,EM line 4,L4-03,0502-EM4-03,-91.5871606596,41.6660128247,0.000,line 4_3
2026-05-02,EM,EM line 4,L4-04,0502-EM4-04,-91.5871546566,41.6659528192,0.000,line 4_4
2026-05-02,EM,EM line 4,L4-05,0502-EM4-05,-91.5871496577,41.6659018239,0.000,line 4_5
2026-05-02,EM,EM line 4,L4-06,0502-EM4-06,-91.5871546637,41.6658448269,0.000,line 4_6
2026-05-02,EM,EM line 4,L4-07,0502-EM4-07,-91.5871526624,41.6657968227,0.000,line 4_7
2026-05-02,EM,EM line 4,L4-08,0502-EM4-08,-91.5871436640,41.6657348259,0.000,line 4_8
2026-05-02,EM,EM line 4,L4-09,0502-EM4-09,-91.5871376543,41.6656828184,0.000,line 4_9
2026-05-02,EM,EM line 4,L4-10,0502-EM4-10,-91.5871216617,41.6656248248,0.000,line 4_10
2026-05-02,EM,EM line 4,L4-11,0502-EM4-11,-91.5871216544,41.6655768180,0.000,line 4_11
2026-05-02,EM,EM line 4,L4-12,0502-EM4-12,-91.5871266656,41.6655278192,0.000,line 4_12
2026-05-02,EM,EM line 4,L4-13,0502-EM4-13,-91.5871276560,41.6654858234,0.000,line 4_13
2026-05-02,EM,EM line 4,L4-14,0502-EM4-14,-91.5871266644,41.6654548185,0.000,line 4_14
2026-05-02,EM,EM line 5,L5-01,0502-EM5-01,-91.5872616576,41.6655248221,206.430,line 5_1
2026-05-02,EM,EM line 5,L5-02,0502-EM5-02,-91.5872506594,41.6655658213,204.700,line 5_2
2026-05-02,EM,EM line 5,L5-03,0502-EM5-03,-91.5872426629,41.6656118201,205.030,line 5_3
2026-05-02,EM,EM line 5,L5-04,0502-EM5-04,-91.5872456640,41.6656388236,205.000,line 5_4
2026-05-02,EM,EM line 5,L5-05,0502-EM5-05,-91.5872416658,41.6657008228,205.000,line 5_5
2026-05-02,EM,EM line 5,L5-06,0502-EM5-06,-91.5872416585,41.6657308246,205.000,line 5_6
2026-05-02,EM,EM line 5,L5-07,0502-EM5-07,-91.5872406658,41.6657828180,205.910,line 5_7
2026-05-02,EM,EM line 5,L5-08,0502-EM5-08,-91.5872316567,41.6658328215,205.910,line 5_8
2026-05-02,EM,EM line 5,L5-09,0502-EM5-09,-91.5872296626,41.6658828212,206.080,line 5_9
2026-05-02,EM,EM line 5,L5-10,0502-EM5-10,-91.5872286611,41.6659308245,206.080,line 5_10
2026-05-02,EM,EM line 5,L5-11,0502-EM5-11,-91.5872256570,41.6659748221,207.080,line 5_11
2026-05-02,EM,EM line 5,L5-12,0502-EM5-12,-91.5872256593,41.6660148217,207.460,line 5_12
2026-05-02,EM,EM line 5,L5-13,0502-EM5-13,-91.5872196603,41.6660458216,209.230,line 5_13
2026-05-02,EM,EM line 5,L5-14,0502-EM5-14,-91.5872196539,41.6660818220,209.230,line 5_14
2026-05-02,EM,EM line 5,L5-15,0502-EM5-15,-91.5872206623,41.6661038202,209.230,line 5_15
2026-05-02,EM,EM line 6,L6-01,0502-EM6-01,-91.5873036550,41.6661278258,209.440,line 6_1
2026-05-02,EM,EM line 6,L6-02,0502-EM6-02,-91.5873026560,41.6660768257,209.790,line 6_2
2026-05-02,EM,EM line 6,L6-03,0502-EM6-03,-91.5873096615,41.6660558267,209.530,line 6_3
2026-05-02,EM,EM line 6,L6-04,0502-EM6-04,-91.5873156559,41.6660338246,208.970,line 6_4
2026-05-02,EM,EM line 6,L6-05,0502-EM6-05,-91.5873226642,41.6659918216,208.300,line 6_5
2026-05-02,EM,EM line 6,L6-06,0502-EM6-06,-91.5873346586,41.6659448181,208.490,line 6_6
2026-05-02,EM,EM line 6,L6-07,0502-EM6-07,-91.5873346653,41.6658868229,208.440,line 6_7
2026-05-02,EM,EM line 6,L6-08,0502-EM6-08,-91.5873406568,41.6658468250,208.130,line 6_8
2026-05-02,EM,EM line 6,L6-09,0502-EM6-09,-91.5873426559,41.6658158209,207.600,line 6_9
2026-05-02,EM,EM line 6,L6-10,0502-EM6-10,-91.5873506632,41.6657748210,207.560,line 6_10
2026-05-02,EM,EM line 6,L6-11,0502-EM6-11,-91.5873506640,41.6657418198,207.080,line 6_11
2026-05-02,EM,EM line 6,L6-12,0502-EM6-12,-91.5873506651,41.6656978213,206.700,line 6_12
2026-05-02,EM,EM line 6,L6-13,0502-EM6-13,-91.5873496546,41.6656638259,206.120,line 6_13
2026-05-02,EM,EM line 6,L6-14,0502-EM6-14,-91.5873486652,41.6656228235,205.960,line 6_14
2026-05-02,EM,EM line 6,L6-15,0502-EM6-15,-91.5873556614,41.6655808204,205.320,line 6_15
2026-05-02,EM,EM line 6,L6-16,0502-EM6-16,-91.5873626594,41.6655508234,205.320,line 6_16
2026-05-02,EM,EM line 7,L7-01,0502-EM7-01,-91.5875976663,41.6655728243,208.320,line 7_1
2026-05-02,EM,EM line 7,L7-02,0502-EM7-02,-91.5875986568,41.6655698192,207.370,line 7_2
2026-05-02,EM,EM line 7,L7-03,0502-EM7-03,-91.5875946609,41.6655938184,207.460,line 7_3
2026-05-02,EM,EM line 7,L7-04,0502-EM7-04,-91.5876076607,41.6656508205,207.450,line 7_4
2026-05-02,EM,EM line 7,L7-05,0502-EM7-05,-91.5875956648,41.6656858179,207.360,line 7_5
2026-05-02,EM,EM line 7,L7-06,0502-EM7-06,-91.5875536623,41.6657868182,206.390,line 7_6
2026-05-02,EM,EM line 7,L7-07,0502-EM7-07,-91.5875426621,41.6658268176,206.390,line 7_7
2026-05-02,EM,EM line 7,L7-08,0502-EM7-08,-91.5875466633,41.6658608227,206.390,line 7_8
2026-05-02,EM,EM line 7,L7-09,0502-EM7-09,-91.5875386616,41.6658988234,206.500,line 7_9
2026-05-02,EM,EM line 7,L7-10,0502-EM7-10,-91.5875326571,41.6659438200,207.350,line 7_10
2026-05-02,EM,EM line 7,L7-11,0502-EM7-11,-91.5875296545,41.6659828188,206.910,line 7_11
2026-05-02,EM,EM line 7,L7-12,0502-EM7-12,-91.5875216644,41.6660318261,208.060,line 7_12
2026-05-02,EM,EM line 7,L7-13,0502-EM7-13,-91.5875206654,41.6660808202,208.010,line 7_13
2026-05-02,EM,EM line 7,L7-14,0502-EM7-14,-91.5875026555,41.6661288216,209.060,line 7_14
2026-05-02,EM,EM line 7,L7-15,0502-EM7-15,-91.5875066609,41.6661758237,208.950,line 7_15
2026-05-02,EM,EM line 7,L7-16,0502-EM7-16,-91.5874996596,41.6662098196,209.200,line 7_16
2026-05-02,EM,EM line 7,L7-17,0502-EM7-17,-91.5874946574,41.6662518202,209.730,line 7_17
2026-05-02,EM,EM line 7,L7-18,0502-EM7-18,-91.5874746636,41.6662878181,209.840,line 7_18
2026-05-02,EM,EM line 7,L7-19,0502-EM7-19,-91.5874546628,41.6663428204,208.980,line 7_19
2026-05-02,EM,EM line 7,L7-20,0502-EM7-20,-91.5874496631,41.6663638261,209.160,line 7_20
2026-05-02,EM,EM line 8,L8-01,0502-EM8-01,-91.5875666575,41.6663858176,208.250,line 8_1
2026-05-02,EM,EM line 8,L8-02,0502-EM8-02,-91.5875766592,41.6663118230,209.150,line 8_2
2026-05-02,EM,EM line 8,L8-03,0502-EM8-03,-91.5875626615,41.6662488190,210.310,line 8_3
2026-05-02,EM,EM line 8,L8-04,0502-EM8-04,-91.5875706598,41.6662148173,208.720,line 8_4
2026-05-02,EM,EM line 8,L8-05,0502-EM8-05,-91.5875766567,41.6661718202,208.900,line 8_5
2026-05-02,EM,EM line 8,L8-06,0502-EM8-06,-91.5875876603,41.6661278217,209.240,line 8_6
2026-05-02,EM,EM line 8,L8-07,0502-EM8-07,-91.5876046577,41.6660838249,209.110,line 8_7
2026-05-02,EM,EM line 8,L8-08,0502-EM8-08,-91.5876216593,41.6660528250,208.700,line 8_8
2026-05-02,EM,EM line 8,L8-09,0502-EM8-09,-91.5876276614,41.6660178261,208.650,line 8_9
2026-05-02,EM,EM line 8,L8-10,0502-EM8-10,-91.5876296596,41.6659698260,208.390,line 8_10
2026-05-02,EM,EM line 8,L8-11,0502-EM8-11,-91.5876346660,41.6659298250,208.050,line 8_11
2026-05-02,EM,EM line 8,L8-12,0502-EM8-12,-91.5876426665,41.6658968230,207.740,line 8_12
2026-05-02,EM,EM line 8,L8-13,0502-EM8-13,-91.5876396552,41.6658208221,207.400,line 8_13
2026-05-02,EM,EM line 8,L8-14,0502-EM8-14,-91.5876466556,41.6657808185,206.840,line 8_14
2026-05-02,EM,EM line 8,L8-15,0502-EM8-15,-91.5876546584,41.6657378190,207.270,line 8_15
2026-05-02,EM,EM line 8,L8-16,0502-EM8-16,-91.5876646559,41.6657008245,206.630,line 8_16
2026-05-02,EM,EM line 8,L8-17,0502-EM8-17,-91.5876756616,41.6656578259,205.940,line 8_17
2026-05-02,EM,EM line 8,L8-18,0502-EM8-18,-91.5876866575,41.6656158179,205.300,line 8_18
2026-05-02,EM,EM line 9,L9-01,0502-EM9-01,-91.5877826561,41.6656498185,206.660,line 9_1
2026-05-02,EM,EM line 9,L9-02,0502-EM9-02,-91.5877826561,41.6656498185,206.660,line 9_2
2026-05-02,EM,EM line 9,L9-03,0502-EM9-03,-91.5877826550,41.6657048235,208.880,line 9_3
2026-05-02,EM,EM line 9,L9-04,0502-EM9-04,-91.5877736598,41.6657498193,208.680,line 9_4
2026-05-02,EM,EM line 9,L9-05,0502-EM9-05,-91.5877636643,41.6657878226,208.200,line 9_5
2026-05-02,EM,EM line 9,L9-06,0502-EM9-06,-91.5877616565,41.6658258249,208.080,line 9_6
2026-05-02,EM,EM line 9,L9-07,0502-EM9-07,-91.5877566556,41.6658738241,209.030,line 9_7
2026-05-02,EM,EM line 9,L9-08,0502-EM9-08,-91.5877496566,41.6659088199,209.140,line 9_8
2026-05-02,EM,EM line 9,L9-09,0502-EM9-09,-91.5877426637,41.6659688188,209.600,line 9_9
2026-05-02,EM,EM line 9,L9-10,0502-EM9-10,-91.5877536599,41.6660158257,210.100,line 9_10
2026-05-02,EM,EM line 9,L9-11,0502-EM9-11,-91.5877466654,41.6660418236,210.800,line 9_11
2026-05-02,EM,EM line 9,L9-12,0502-EM9-12,-91.5877496599,41.6660878225,210.990,line 9_12
2026-05-02,EM,EM line 9,L9-13,0502-EM9-13,-91.5877396558,41.6661218176,211.050,line 9_13
2026-05-02,EM,EM line 9,L9-14,0502-EM9-14,-91.5877376600,41.6661598200,211.050,line 9_14
2026-05-02,EM,EM line 9,L9-15,0502-EM9-15,-91.5877336569,41.6662138211,211.560,line 9_15
2026-05-02,EM,EM line 9,L9-16,0502-EM9-16,-91.5877176597,41.6662648195,211.510,line 9_16
2026-05-02,EM,EM line 9,L9-17,0502-EM9-17,-91.5877106561,41.6662978247,212.200,line 9_17
2026-05-02,EM,EM line 9,L9-18,0502-EM9-18,-91.5877206635,41.6663318225,212.370,line 9_18
2026-05-02,EM,EM line 9,L9-19,0502-EM9-19,-91.5877096588,41.6663808198,212.410,line 9_19
2026-05-02,EM,EM line 9,L9-20,0502-EM9-20,-91.5877016566,41.6664408243,212.320,line 9_20
2026-05-02,EM,EM line 9,L9-21,0502-EM9-21,-91.5876956565,41.6664878204,212.310,line 9_21
2026-05-02,EM,EM line 9,L9-22,0502-EM9-22,-91.5876876547,41.6665368186,212.410,line 9_22
2026-06-25,ERT,ERT electrodes 267-314,267,0625-E267,-91.5858520000,41.6651610000,202.220,0267
2026-06-25,ERT,ERT electrodes 267-314,268,0625-E268,-91.5858560000,41.6651670000,203.190,0268
2026-06-25,ERT,ERT electrodes 267-314,269,0625-E269,-91.5858530000,41.6651770000,203.190,0269
2026-06-25,ERT,ERT electrodes 267-314,270,0625-E270,-91.5858510000,41.6651950000,203.190,0270
2026-06-25,ERT,ERT electrodes 267-314,271,0625-E271,-91.5858460000,41.6652060000,203.290,0271
2026-06-25,ERT,ERT electrodes 267-314,272,0625-E272,-91.5858430000,41.6652160000,203.290,0272
2026-06-25,ERT,ERT electrodes 267-314,273,0625-E273,-91.5858440000,41.6652240000,203.290,0273
2026-06-25,ERT,ERT electrodes 267-314,274,0625-E274,-91.5858390000,41.6652320000,203.290,0274
2026-06-25,ERT,ERT electrodes 267-314,275,0625-E275,-91.5858410000,41.6652410000,203.250,0275
2026-06-25,ERT,ERT electrodes 267-314,276,0625-E276,-91.5858450000,41.6652500000,202.950,0276
2026-06-25,ERT,ERT electrodes 267-314,277,0625-E277,-91.5858460000,41.6652580000,202.950,0277
2026-06-25,ERT,ERT electrodes 267-314,278,0625-E278,-91.5858450000,41.6652620000,202.950,0278
2026-06-25,ERT,ERT electrodes 267-314,279,0625-E279,-91.5858400000,41.6652780000,202.950,0279
2026-06-25,ERT,ERT electrodes 267-314,280,0625-E280,-91.5858350000,41.6652880000,202.950,0280
2026-06-25,ERT,ERT electrodes 267-314,281,0625-E281,-91.5858310000,41.6652990000,202.950,0281
2026-06-25,ERT,ERT electrodes 267-314,282,0625-E282,-91.5858160000,41.6653180000,202.950,0282
2026-06-25,ERT,ERT electrodes 267-314,283,0625-E283,-91.5858130000,41.6653270000,201.210,0283
2026-06-25,ERT,ERT electrodes 267-314,284,0625-E284,-91.5858120000,41.6653440000,201.210,0284
2026-06-25,ERT,ERT electrodes 267-314,285,0625-E285,-91.5858100000,41.6653580000,201.210,0285
2026-06-25,ERT,ERT electrodes 267-314,286,0625-E286,-91.5858080000,41.6653700000,201.210,0286
2026-06-25,ERT,ERT electrodes 267-314,287,0625-E287,-91.5858060000,41.6653740000,201.210,0287
2026-06-25,ERT,ERT electrodes 267-314,288,0625-E288,-91.5858030000,41.6653880000,201.210,0288
2026-06-25,ERT,ERT electrodes 267-314,289,0625-E289,-91.5858010000,41.6654050000,201.210,0289
2026-06-25,ERT,ERT electrodes 267-314,290,0625-E290,-91.5858030000,41.6654200000,201.210,0290
2026-06-25,ERT,ERT electrodes 267-314,291,0625-E291,-91.5857990000,41.6654270000,201.210,0291
2026-06-25,ERT,ERT electrodes 267-314,292,0625-E292,-91.5858020000,41.6654360000,201.210,0292
2026-06-25,ERT,ERT electrodes 267-314,293,0625-E293,-91.5857960000,41.6654500000,201.210,0293
2026-06-25,ERT,ERT electrodes 267-314,294,0625-E294,-91.5857930000,41.6654570000,201.210,0294
2026-06-25,ERT,ERT electrodes 267-314,295,0625-E295,-91.5857920000,41.6654670000,201.210,0295
2026-06-25,ERT,ERT electrodes 267-314,296,0625-E296,-91.5857870000,41.6654780000,201.210,0296
2026-06-25,ERT,ERT electrodes 267-314,297,0625-E297,-91.5857830000,41.6654950000,201.210,0297
2026-06-25,ERT,ERT electrodes 267-314,298,0625-E298,-91.5857850000,41.6655090000,201.210,0298
2026-06-25,ERT,ERT electrodes 267-314,299,0625-E299,-91.5857870000,41.6655290000,201.210,0299
2026-06-25,ERT,ERT electrodes 267-314,300,0625-E300,-91.5857870000,41.6655420000,201.210,0300
2026-06-25,ERT,ERT electrodes 267-314,301,0625-E301,-91.5857870000,41.6655510000,201.210,0301
2026-06-25,ERT,ERT electrodes 267-314,302,0625-E302,-91.5857830000,41.6655680000,201.210,0302
2026-06-25,ERT,ERT electrodes 267-314,303,0625-E303,-91.5857780000,41.6655820000,201.210,0303
2026-06-25,ERT,ERT electrodes 267-314,304,0625-E304,-91.5857770000,41.6655900000,201.210,0304
2026-06-25,ERT,ERT electrodes 267-314,305,0625-E305,-91.5857760000,41.6655980000,201.210,0305
2026-06-25,ERT,ERT electrodes 267-314,306,0625-E306,-91.5857740000,41.6656140000,201.210,0306
2026-06-25,ERT,ERT electrodes 267-314,307,0625-E307,-91.5857700000,41.6656220000,201.210,0307
2026-06-25,ERT,ERT electrodes 267-314,308,0625-E308,-91.5857730000,41.6656360000,201.210,0308
2026-06-25,ERT,ERT electrodes 267-314,309,0625-E309,-91.5857730000,41.6656510000,201.210,0309
2026-06-25,ERT,ERT electrodes 267-314,310,0625-E310,-91.5857720000,41.6656640000,201.210,0310
2026-06-25,ERT,ERT electrodes 267-314,311,0625-E311,-91.5857750000,41.6656740000,201.210,0311
2026-06-25,ERT,ERT electrodes 267-314,312,0625-E312,-91.5857740000,41.6656890000,201.210,0312
2026-06-25,ERT,ERT electrodes 267-314,313,0625-E313,-91.5857730000,41.6657010000,201.210,0313
2026-06-25,ERT,ERT electrodes 267-314,314,0625-E314,-91.5857750000,41.6657140000,201.210,0314
